channel name,channel url,subscribers
@MuziekGrandBand,https://www.youtube.com/@MuziekGrandBand,"5,97 rb subscriber"
120 jt subscriber,https://www.youtube.com/channel/UC-9-kyTW8ZkZNDHQJ6FgpwQ,
@muziek-in-school,https://www.youtube.com/@muziek-in-school,"5,64 rb subscriber"
@sogoodmuziek,https://www.youtube.com/@sogoodmuziek,393 subscriber
@Muziek-ei4kk,https://www.youtube.com/@Muziek-ei4kk,
@muziek601,https://www.youtube.com/@muziek601,23 subscriber
@muziek7210,https://www.youtube.com/@muziek7210,
@muziek89,https://www.youtube.com/@muziek89,
@muziek5747,https://www.youtube.com/@muziek5747,
@muziek8355,https://www.youtube.com/@muziek8355,
@Muziek-zj9rv,https://www.youtube.com/@Muziek-zj9rv,3 subscriber
@okkaziemuziek5983,https://www.youtube.com/@okkaziemuziek5983,9 subscriber
164 subscriber,https://www.youtube.com/channel/UCGgOI2Ev9V_6AQzxe7-qpNw,1.387 video
,https://www.youtube.com/@muziek2044,
@schootging2732,https://www.youtube.com/@schootging2732,1 subscriber
@NPORadio2Muziek,https://www.youtube.com/@NPORadio2Muziek,"26,8 rb subscriber"
@armuziek1154,https://www.youtube.com/@armuziek1154,18 subscriber
@muziekmundi7840,https://www.youtube.com/@muziekmundi7840,
"29,1 rb subscriber",https://www.youtube.com/channel/UCJ800TY-8Kzm0bRJT2ilBTA,314 video
18 subscriber,https://www.youtube.com/channel/UCUtP2JExMKWnHBmmpW1BWRg,11 video
@muziek4259,https://www.youtube.com/@muziek4259,1 subscriber
,https://www.youtube.com/@muziek6607,
@muziek9064,https://www.youtube.com/@muziek9064,
,https://www.youtube.com/@muziek5955,
@ArisSeniBudaya,https://www.youtube.com/@ArisSeniBudaya,717 subscriber
@muziek1509,https://www.youtube.com/@muziek1509,1 subscriber
@zonamuziekchannel8670,https://www.youtube.com/@zonamuziekchannel8670,695 subscriber
@muziek8030,https://www.youtube.com/@muziek8030,1 subscriber
,https://www.youtube.com/@muziek6284,
@muziek488,https://www.youtube.com/@muziek488,16 subscriber
@BankzittersMuziek,https://www.youtube.com/@BankzittersMuziek,8 subscriber
,https://www.youtube.com/@maartenmuziek793,
,https://www.youtube.com/@kerstmuziek7671,
,https://www.youtube.com/@mijnmuziek2168,
@deepsleepmusicandrelaxings8530,https://www.youtube.com/@deepsleepmusicandrelaxings8530,85 subscriber
@hansontspannendemuziek286,https://www.youtube.com/@hansontspannendemuziek286,1 subscriber
@youssrimuziek9256,https://www.youtube.com/@youssrimuziek9256,3 subscriber
@user-jw1oz2bl5w,https://www.youtube.com/@user-jw1oz2bl5w,1 subscriber
@goodmuziek8925,https://www.youtube.com/@goodmuziek8925,
,https://www.youtube.com/@martikamuziek8823,
@mohitnarre6912,https://www.youtube.com/@mohitnarre6912,
,https://www.youtube.com/@lavinamuziek2461,
@radenonlinemuziek3740,https://www.youtube.com/@radenonlinemuziek3740,19 subscriber
@muziekmuziek2766,https://www.youtube.com/@muziekmuziek2766,17 subscriber
@raynirecordsmuziek6379,https://www.youtube.com/@raynirecordsmuziek6379,37 subscriber
@KAPTEN.IU_MUZIEK,https://www.youtube.com/@KAPTEN.IU_MUZIEK,5 subscriber
@muzieklyrics5679,https://www.youtube.com/@muzieklyrics5679,8 subscriber
@muziekinc6514,https://www.youtube.com/@muziekinc6514,1 subscriber
@navelmuziek4402,https://www.youtube.com/@navelmuziek4402,7 subscriber
@spotifyferry1muziek,https://www.youtube.com/@spotifyferry1muziek,
@MuziekCentrumNoord,https://www.youtube.com/@MuziekCentrumNoord,
@muziekenergizers5034,https://www.youtube.com/@muziekenergizers5034,27 subscriber
,https://www.youtube.com/@muziekdhel8697,
@NoeLohy,https://www.youtube.com/@NoeLohy,15 subscriber
@muziek9254,https://www.youtube.com/@muziek9254,3 subscriber
,https://www.youtube.com/@MuziekParri,
@leakedmuziek9970,https://www.youtube.com/@leakedmuziek9970,
@skierjalivemuziek6580,https://www.youtube.com/@skierjalivemuziek6580,
@realxemuziek,https://www.youtube.com/@realxemuziek,20 subscriber
@pikohmuziek2042,https://www.youtube.com/@pikohmuziek2042,79 subscriber
@brendzy,https://www.youtube.com/@brendzy,24 subscriber
,https://www.youtube.com/@hip-hopmuziek5629,
@ammehoulamuziek2813,https://www.youtube.com/@ammehoulamuziek2813,76 subscriber
,https://www.youtube.com/channel/UCujktZvpDt_Svk_v71SaE1Q,60 video
,https://www.youtube.com/channel/UCtYQFAJ430Mmm7OxA0KAP0A,20 video
,https://www.youtube.com/channel/UCjEwYUfqpRf6CMw82sz176Q,20 video
@leomuziekbeats5028,https://www.youtube.com/@leomuziekbeats5028,21 subscriber
@gelektemuziek4122,https://www.youtube.com/@gelektemuziek4122,
,https://www.youtube.com/@muziekmamsberendsen5006,
,https://www.youtube.com/channel/UC8SiMdFatcanTCdFQQB6ltg,3 video
,https://www.youtube.com/@muziek6284,
@hopmuziek8826,https://www.youtube.com/@hopmuziek8826,1 subscriber
@muziekmusicc1817,https://www.youtube.com/@muziekmusicc1817,
@imkemuziek4268,https://www.youtube.com/@imkemuziek4268,12 subscriber
@cringeymuziek3672,https://www.youtube.com/@cringeymuziek3672,8 subscriber
@muziek488,https://www.youtube.com/@muziek488,16 subscriber
@muziek8030,https://www.youtube.com/@muziek8030,1 subscriber
@Muziek-vk2oq,https://www.youtube.com/@Muziek-vk2oq,11 subscriber
,https://www.youtube.com/@tamaramuziek3450,
@annimuziek,https://www.youtube.com/@annimuziek,415 subscriber
@sunnykhanmuziek3686,https://www.youtube.com/@sunnykhanmuziek3686,21 subscriber
@AyoubMobarik-so7ew,https://www.youtube.com/@AyoubMobarik-so7ew,1 subscriber
,https://www.youtube.com/@jonnymuziek1032,
@mardiesmuziek3903,https://www.youtube.com/@mardiesmuziek3903,1 subscriber
212 subscriber,https://www.youtube.com/channel/UC_IEDd-3hl0mie2NyffpSdQ,20 video
@amermuziek4467,https://www.youtube.com/@amermuziek4467,
@fransemuziek2591,https://www.youtube.com/@fransemuziek2591,2 subscriber
@muziek7510,https://www.youtube.com/@muziek7510,5 subscriber
,https://www.youtube.com/@jaimelamuziek8880,
@stgvmuziek2271,https://www.youtube.com/@stgvmuziek2271,
@kmuziek4966,https://www.youtube.com/@kmuziek4966,10 subscriber
@dilanomuziek3350,https://www.youtube.com/@dilanomuziek3350,2 subscriber
@muziekaus1348,https://www.youtube.com/@muziekaus1348,4 subscriber
@suprememuziek1997,https://www.youtube.com/@suprememuziek1997,5 subscriber
,https://www.youtube.com/channel/UC-0WGEJej5EscnNugsnaqpA,240 video
@bramsmuziek5299,https://www.youtube.com/@bramsmuziek5299,1 subscriber
@wienmuziek360,https://www.youtube.com/@wienmuziek360,
@tobygamermuziek4496,https://www.youtube.com/@tobygamermuziek4496,
@dezeachtergrondmuziekbandi8782,https://www.youtube.com/@dezeachtergrondmuziekbandi8782,
@muzieknow,https://www.youtube.com/@muzieknow,1 subscriber
,https://www.youtube.com/@juliemuziek5095,
@leomuziek5312,https://www.youtube.com/@leomuziek5312,
@muziekgsv3789,https://www.youtube.com/@muziekgsv3789,23 subscriber
@georrichmuziekras328,https://www.youtube.com/@georrichmuziekras328,3 subscriber
@muziekbijvrt1,https://www.youtube.com/@muziekbijvrt1,"15,3 rb subscriber"
@muziekpro321,https://www.youtube.com/@muziekpro321,2 subscriber
@muziek3482,https://www.youtube.com/@muziek3482,
@muziekvlogger476,https://www.youtube.com/@muziekvlogger476,8 subscriber
@ariesmuziek3633,https://www.youtube.com/@ariesmuziek3633,4 subscriber
@muziekcampusmiddelsee2430,https://www.youtube.com/@muziekcampusmiddelsee2430,5 subscriber
@irisnottheflower1877,https://www.youtube.com/@irisnottheflower1877,56 subscriber
@muziek8144,https://www.youtube.com/@muziek8144,628 subscriber
@hitmuziek1561,https://www.youtube.com/@hitmuziek1561,
@meermuziekindeklas2811,https://www.youtube.com/@meermuziekindeklas2811,778 subscriber
@SakerMuziek-lk1ei,https://www.youtube.com/@SakerMuziek-lk1ei,18 subscriber
@muziekkanal2733,https://www.youtube.com/@muziekkanal2733,
@losamigos_053muziek2,https://www.youtube.com/@losamigos_053muziek2,3 subscriber
@gelektmuziek5584,https://www.youtube.com/@gelektmuziek5584,10 subscriber
@artecollegemuziek9077,https://www.youtube.com/@artecollegemuziek9077,2 subscriber
@dukdalfmuziek6251,https://www.youtube.com/@dukdalfmuziek6251,64 subscriber
@klankkastmuziek7975,https://www.youtube.com/@klankkastmuziek7975,10 subscriber
@muziekmania9508,https://www.youtube.com/@muziekmania9508,1 subscriber
1 subscriber,https://www.youtube.com/channel/UCGbU_olBfsrPATHS5MrCGPA,14 video
@muziek.mixjes,https://www.youtube.com/@muziek.mixjes,517 subscriber
@muziek.lyrics8977,https://www.youtube.com/@muziek.lyrics8977,2 subscriber
@wtmuziek4184,https://www.youtube.com/@wtmuziek4184,
@qkmuziek2454,https://www.youtube.com/@qkmuziek2454,
@FreekKanWelZingen,https://www.youtube.com/@FreekKanWelZingen,3 subscriber
@muziekguy6560,https://www.youtube.com/@muziekguy6560,11 subscriber
@mymuziek7553,https://www.youtube.com/@mymuziek7553,1 subscriber
@muziekcampusmiddelsee9247,https://www.youtube.com/@muziekcampusmiddelsee9247,13 subscriber
@account1muziek167,https://www.youtube.com/@account1muziek167,
9 subscriber,https://www.youtube.com/channel/UCtVnNY4W_w52p2XT3Bh2mjw,57 video
@muziektherapie1327,https://www.youtube.com/@muziektherapie1327,3 subscriber
@muziekriemixhardchockstrik9896,https://www.youtube.com/@muziekriemixhardchockstrik9896,1 subscriber
@gelektmuziek8580,https://www.youtube.com/@gelektmuziek8580,52 subscriber
,https://www.youtube.com/channel/UCxaw3FgZ--n702Dm2Eb-6gQ,20 video
@studeermuziek1882,https://www.youtube.com/@studeermuziek1882,
@demuziekmees9884,https://www.youtube.com/@demuziekmees9884,33 subscriber
@RandomBeatMusic,https://www.youtube.com/@RandomBeatMusic,20 subscriber
@urbanmuziek1045,https://www.youtube.com/@urbanmuziek1045,28 subscriber
@muziekmovieonline9351,https://www.youtube.com/@muziekmovieonline9351,
14 subscriber,https://www.youtube.com/channel/UC7rKNbWUHLsZvB7kCzdo1GQ,27 video
@muziekeenuur7963,https://www.youtube.com/@muziekeenuur7963,10 subscriber
3 subscriber,https://www.youtube.com/channel/UC8WoDxBkMQGIPzyjixSAXyw,19 video
,https://www.youtube.com/channel/UCIk5cH2q-hwgGEVKiUFr_Nw,7 video
12 subscriber,https://www.youtube.com/channel/UC7WXU0JcmELq2Ks5evOtb0A,31 video
,https://www.youtube.com/@jonathanmuziek6876,
18 subscriber,https://www.youtube.com/channel/UCUtP2JExMKWnHBmmpW1BWRg,11 video
2 subscriber,https://www.youtube.com/channel/UCxGxocr58gvJWKySCiFs8YQ,3 video
,https://www.youtube.com/channel/UCdAVe5wPpKjGrPfJluOukJQ,80 video
@muziekfanaten7226,https://www.youtube.com/@muziekfanaten7226,
@leakedmuziek2936,https://www.youtube.com/@leakedmuziek2936,3 subscriber
@mlgmuziek,https://www.youtube.com/@mlgmuziek,82 subscriber
,https://www.youtube.com/channel/UCsJcbNjwYmf59lbhe1UfP9A,6 video
@muziek0104,https://www.youtube.com/@muziek0104,
@northgomuziek2019,https://www.youtube.com/@northgomuziek2019,33 subscriber
@korpsmuziekmardijkers8421,https://www.youtube.com/@korpsmuziekmardijkers8421,15 subscriber
@allemuziek5924,https://www.youtube.com/@allemuziek5924,231 subscriber
,https://www.youtube.com/channel/UCIU-nqu9r5JXJIwJyhJfrLg,20 video
@ndmuziek2978,https://www.youtube.com/@ndmuziek2978,2 subscriber
@muziekopen4697,https://www.youtube.com/@muziekopen4697,3 subscriber
@BoDoetAanVoetbal,https://www.youtube.com/@BoDoetAanVoetbal,31 subscriber
@muziekhits8741,https://www.youtube.com/@muziekhits8741,
@felixpostmuziek9813,https://www.youtube.com/@felixpostmuziek9813,8 subscriber
@muziekwereld72,https://www.youtube.com/@muziekwereld72,1 subscriber
@beau247muziek8,https://www.youtube.com/@beau247muziek8,5 subscriber
@dorismusic,https://www.youtube.com/@dorismusic,39 subscriber
@curamuziek5199,https://www.youtube.com/@curamuziek5199,23 subscriber
,https://www.youtube.com/@muziekkanaalmuziekkanaal1948,
@muziek-onderwerp9749,https://www.youtube.com/@muziek-onderwerp9749,
@muziekpeople2064,https://www.youtube.com/@muziekpeople2064,
@muziekermis5212,https://www.youtube.com/@muziekermis5212,1 subscriber
@drilmuziek8972,https://www.youtube.com/@drilmuziek8972,8 subscriber
@rustigeontspannendemuziekh7872,https://www.youtube.com/@rustigeontspannendemuziekh7872,"2,11 rb subscriber"
@stefansnappermuziek7335,https://www.youtube.com/@stefansnappermuziek7335,32 subscriber
@quasilivemuziek2233,https://www.youtube.com/@quasilivemuziek2233,
@muziekboom7471,https://www.youtube.com/@muziekboom7471,6 subscriber
82 subscriber,https://www.youtube.com/channel/UC9MmZnrkaAd1XQA1zvg8Inw,8 video
@rapmuziek3678,https://www.youtube.com/@rapmuziek3678,
@chicagomuziek4004,https://www.youtube.com/@chicagomuziek4004,1 subscriber
,https://www.youtube.com/channel/UCmIuadSggOKGZ3YU1ZHs24g,
@muzieklolprepers4185,https://www.youtube.com/@muzieklolprepers4185,
2 subscriber,https://www.youtube.com/channel/UCoRfoSW8fOKM7ngo3OJ0Rsg,7 video
,https://www.youtube.com/channel/UCb3MPqDQ_PyatGkH8RXkrwg,38 video
4 subscriber,https://www.youtube.com/channel/UCFQMw7LnWRYTq95zMQQywnA,4 video
@gelektmuziek0307,https://www.youtube.com/@gelektmuziek0307,18 subscriber
4 subscriber,https://www.youtube.com/channel/UCOCgWqh3JxDIunbAL3_Indg,14 video
4 subscriber,https://www.youtube.com/channel/UC7anBDfo2WpBRNxKuDu5HoQ,3 video
,https://www.youtube.com/channel/UC4_cvl4Gv6pfI5hfzpY3_ug,5 video
4 subscriber,https://www.youtube.com/channel/UCkj2dd3SM12YAKXPMPEipTg,23 video
,https://www.youtube.com/channel/UCbGl1QVy8eqGGHXuWD1aLBw,12 video
@muziekleaks1501,https://www.youtube.com/@muziekleaks1501,14 subscriber
12 subscriber,https://www.youtube.com/channel/UCm0P5XPJKCct5hY2cdWMZpA,28 video
@relaxmuziek31,https://www.youtube.com/@relaxmuziek31,5 subscriber
,https://www.youtube.com/channel/UCz9VLpb9frkEFJpHYsWJJPg,1 video
,https://www.youtube.com/channel/UC5j9z3iU9zFg84mwsv_90pQ,26 video
2 subscriber,https://www.youtube.com/channel/UCMu8ZR-h5hwTEHHgR0RQkZQ,8 video
,https://www.youtube.com/channel/UCRggLf4x8YpfD2tzzgsXswA,2 video
4 subscriber,https://www.youtube.com/channel/UC499Opk3Rrxlz5kd4rV0UEw,19 video
@dj-schizomuziek4601,https://www.youtube.com/@dj-schizomuziek4601,
,https://www.youtube.com/channel/UCjK4ATDCS0kURYg7_hATzHA,13 video
2 subscriber,https://www.youtube.com/channel/UCNwXkR1EMWczUo38GsTLMUw,14 video
,https://www.youtube.com/@YoutubeMuziek-cx9me,
@animemuziekvideoamv7575,https://www.youtube.com/@animemuziekvideoamv7575,6 subscriber
2 subscriber,https://www.youtube.com/channel/UCcZsMQuc4qmIOn-pSln5ErA,9 video
,https://www.youtube.com/channel/UCTR6UR95iSMllUJRrZq_gSw,11 video
,https://www.youtube.com/channel/UC9ewrGgGRLJqN1_UUGrVv3Q,4 video
@louismetmuziek1118,https://www.youtube.com/@louismetmuziek1118,1 subscriber
,https://www.youtube.com/channel/UCTjZ0QAR2swtJWm8Ca-khkg,8 video
@MuziekColoursTv,https://www.youtube.com/@MuziekColoursTv,66 subscriber
,https://www.youtube.com/channel/UC2lURNJvig8bASJGrO6x9fw,4 video
289 subscriber,https://www.youtube.com/channel/UC5xC-OUsp9pfyWKoiF90PzQ,35 video
2 subscriber,https://www.youtube.com/channel/UCi1M2Knj1u0dCmiGQUFOQog,5 video
@muziek2664,https://www.youtube.com/@muziek2664,
@MuziekDeRoos,https://www.youtube.com/@MuziekDeRoos,"7,54 rb subscriber"
409 subscriber,https://www.youtube.com/channel/UC_BH3RE5A5Bp348TtxpykDw,16 video
,https://www.youtube.com/channel/UCY7sD56Jb0pOrGZxaQDToRg,14 video
@muziekcenter2135,https://www.youtube.com/@muziekcenter2135,
@lovenmuziek1646,https://www.youtube.com/@lovenmuziek1646,
,https://www.youtube.com/channel/UCGCM_rSpS1o8y2PVVnAhlrA,6 video
9 subscriber,https://www.youtube.com/channel/UCgvdBn1pIyg7IEDgeVGv1kA,20 video
25 subscriber,https://www.youtube.com/channel/UCldwYAVgOsu9GlaHIidUUtA,16 video
@luniemuziek5732,https://www.youtube.com/@luniemuziek5732,2 subscriber
,https://www.youtube.com/channel/UCq7UQHlTWscS8EEq8dAj5Zw,12 video
3 subscriber,https://www.youtube.com/channel/UCFOa0vnY1jKcAbl_KViTRug,8 video
@karinmuziek6046,https://www.youtube.com/@karinmuziek6046,47 subscriber
,https://www.youtube.com/channel/UCLA92I0uc1XBODIKAz9EgNg,6 video
@katmuziek7891,https://www.youtube.com/@katmuziek7891,
@E_muziek,https://www.youtube.com/@E_muziek,
,https://www.youtube.com/channel/UCDKqAvpdRp2b9j3dD2muWag,13 video
,https://www.youtube.com/channel/UCM5or5ekGacn9z4lD3cMTow,
18 subscriber,https://www.youtube.com/channel/UCK3Es0aTQ4E8g4gHzN7sHZA,12 video
8 subscriber,https://www.youtube.com/channel/UCGrugpqMA17upU-jgsFpRsw,30 video
,https://www.youtube.com/channel/UCOLQ7Qo-sD9-NndfG68JyJQ,10 video
8 subscriber,https://www.youtube.com/channel/UCdU70CuP-40IUqn7Geb8KyQ,4 video
1 subscriber,https://www.youtube.com/channel/UCgXDwLh7S5JctUGN1Agw6-w,36 video
8 subscriber,https://www.youtube.com/channel/UCtza80De4RDf27GSEH0HjLQ,4 video
,https://www.youtube.com/channel/UCkcLFQRgZ3RzvUtNFjcppUw,
2 subscriber,https://www.youtube.com/channel/UCWPgOvgzrOaF_6zzR3hp68w,16 video
,https://www.youtube.com/channel/UC_mykFFZCgS3c5hblScbzeg,4 video
,https://www.youtube.com/channel/UCD9ON-8wZss--tjqCUYJSIw,15 video
28 subscriber,https://www.youtube.com/channel/UCQmGF8x5-PNsq8IdZ17_cSQ,4 video
@hittrapmuziek4870,https://www.youtube.com/@hittrapmuziek4870,
@muziek9806,https://www.youtube.com/@muziek9806,
@q-muziek-7586,https://www.youtube.com/@q-muziek-7586,7 subscriber
,https://www.youtube.com/channel/UCCONUx55Ap-nMUTam2r-x1g,3 video
12 subscriber,https://www.youtube.com/channel/UCEWCW_gAYpojHHhbJNFr8dA,79 video
22 subscriber,https://www.youtube.com/channel/UCgG1q6yAQBirnmYuokNBqeg,6 video
3 subscriber,https://www.youtube.com/channel/UCoXuf6j3EpoTVAZGos7Qp-Q,14 video
@muziek7814,https://www.youtube.com/@muziek7814,
2 subscriber,https://www.youtube.com/channel/UCBLyAN7sDatHprb_EoJlUrw,9 video
4 subscriber,https://www.youtube.com/channel/UCFHxp2fzJmmC6kmEqOaUNxA,18 video
@eelcomuziek7192,https://www.youtube.com/@eelcomuziek7192,
@muziek1940,https://www.youtube.com/@muziek1940,
1 subscriber,https://www.youtube.com/channel/UCV_LqMvbL5L1DPpr524KM6A,4 video
7 subscriber,https://www.youtube.com/channel/UCAlyb_zjOBVTfQ2fnJVVxEQ,10 video
55 subscriber,https://www.youtube.com/channel/UCMy01sKQO48Tm3FvFoKIBSw,6 video
@trasanikasekomuziek8777,https://www.youtube.com/@trasanikasekomuziek8777,34 subscriber
3 subscriber,https://www.youtube.com/channel/UC00hM_2asl7L58EGOA-ry4A,5 video
,https://www.youtube.com/channel/UCLhvgpIotOh9XTVQGy3jS5Q,2 video
,https://www.youtube.com/channel/UCW9pstIej-_ufw_jZWkqnYg,21 video
,https://www.youtube.com/channel/UC4hGGxFYRI9leBQge36anmw,39 video
@MusikMuziek,https://www.youtube.com/@MusikMuziek,
116 subscriber,https://www.youtube.com/channel/UCZFXRkFmClWSZ46dWpGv-eQ,191 video
@abcleakedmuziek1029,https://www.youtube.com/@abcleakedmuziek1029,43 subscriber
14 subscriber,https://www.youtube.com/channel/UC3YyCGZ4T2PiuWXG855kLYw,6 video
@o-muziektv6539,https://www.youtube.com/@o-muziektv6539,3 subscriber
@dorenweerdmuziek7333,https://www.youtube.com/@dorenweerdmuziek7333,27 subscriber
,https://www.youtube.com/@seansauxmuziek1641,
@themuziekmaster2111,https://www.youtube.com/@themuziekmaster2111,
@muziekWest,https://www.youtube.com/@muziekWest,
@muziek6120,https://www.youtube.com/@muziek6120,
@Akshaymuziek,https://www.youtube.com/@Akshaymuziek,58 subscriber
@lijpemuziekjtgg4445,https://www.youtube.com/@lijpemuziekjtgg4445,
@brankoackou,https://www.youtube.com/@brankoackou,7 subscriber
@hiphopmuziek2003,https://www.youtube.com/@hiphopmuziek2003,10 subscriber
@rlomuziek4113,https://www.youtube.com/@rlomuziek4113,32 subscriber
,https://www.youtube.com/channel/UClvkF4_BJx0u2jlduT-eXLA,5 video
@mymusic223l,https://www.youtube.com/@mymusic223l,
,https://www.youtube.com/channel/UCF4D90rIBKE6QIUVyxt89Lg,6 video
,https://www.youtube.com/channel/UCxOd2DaN5Uez-aFzJcMQW2g,48 video
,https://www.youtube.com/channel/UC-KNlNyS5XOtzEuPs3geOng,12 video
,https://www.youtube.com/channel/UCOv6f_wJV-0dcfMRcTzRYaw,4 video
@lilianmuziek3566,https://www.youtube.com/@lilianmuziek3566,13 subscriber
@dropsmuziek2416,https://www.youtube.com/@dropsmuziek2416,
,https://www.youtube.com/channel/UCcNBZdJwRQMT6mAEFifXPmA,5 video
@taraneh.muziek8346,https://www.youtube.com/@taraneh.muziek8346,
,https://www.youtube.com/channel/UCfdUOY2HYxXdpfHJ7AwetgQ,4 video
4 subscriber,https://www.youtube.com/channel/UChgiy0oKp2JquuoIeM2wDsg,31 video
@youtubemuziek9781,https://www.youtube.com/@youtubemuziek9781,3 subscriber
6 subscriber,https://www.youtube.com/channel/UC-soGpO_Hs0drGb_2D16nZQ,15 video
,https://www.youtube.com/channel/UCdaDXIlB7yzpHeLj-WXE64w,5 video
@huisvolmetmuziektalenten5121,https://www.youtube.com/@huisvolmetmuziektalenten5121,132 subscriber
7 subscriber,https://www.youtube.com/channel/UCnA8N2OObrurKA9zJWqXViQ,4 video
13 subscriber,https://www.youtube.com/channel/UCfr0CPQBVuKPgg9JWFgMkeA,4 video
@ewatismuziek275,https://www.youtube.com/@ewatismuziek275,3 subscriber
,https://www.youtube.com/channel/UC1v3a630oP85kVAHJ1wQFcA,14 video
2 subscriber,https://www.youtube.com/channel/UC4DBdqZeiJl0Eya7xgIBWyA,9 video
@driftmuziek4467,https://www.youtube.com/@driftmuziek4467,1 subscriber
149 subscriber,https://www.youtube.com/channel/UCIWiYprdhgJy5WbV34UgDnA,9 video
@Muziek-rf2dc,https://www.youtube.com/@Muziek-rf2dc,
,https://www.youtube.com/channel/UCm-IhlJX8WdMLYliF86ernA,10 video
,https://www.youtube.com/channel/UC7WeQvGTmIVBnnOqI9h9KZw,5 video
@CuracaoCultuurMuziek,https://www.youtube.com/@CuracaoCultuurMuziek,2 subscriber
@bramsonmuziek6845,https://www.youtube.com/@bramsonmuziek6845,5 subscriber
@IlovemuziekIlovemuziek,https://www.youtube.com/@IlovemuziekIlovemuziek,1 subscriber
@bataramuzieksampit3857,https://www.youtube.com/@bataramuzieksampit3857,8 subscriber
@kunstkader,https://www.youtube.com/@kunstkader,
@muziekyoutube9799,https://www.youtube.com/@muziekyoutube9799,1 subscriber
@muziek,https://www.youtube.com/@muziek,57 subscriber
,https://www.youtube.com/channel/UCCzzIK1HCZWT77e0QHS6yhQ,42 video
@relaxmuziek1343,https://www.youtube.com/@relaxmuziek1343,
@o.m.jvideoenmuziekproducti6716,https://www.youtube.com/@o.m.jvideoenmuziekproducti6716,
@muziekcalm2391,https://www.youtube.com/@muziekcalm2391,
,https://www.youtube.com/channel/UCC28LX16xdiUdG2ga2-nXnQ,5 video
@sabamvrijemuziek4226,https://www.youtube.com/@sabamvrijemuziek4226,5 subscriber
@muziekmuziek9943,https://www.youtube.com/@muziekmuziek9943,2 subscriber
@432hzmuziek,https://www.youtube.com/@432hzmuziek,"4,78 rb subscriber"
4 subscriber,https://www.youtube.com/channel/UCYRAFg_zZzqHgpjiPL07QzQ,3 video
@LukaUNA,https://www.youtube.com/@LukaUNA,23 subscriber
@muziek1091,https://www.youtube.com/@muziek1091,6 subscriber
@peersongmuziek8187,https://www.youtube.com/@peersongmuziek8187,
@zipporatiemanmuziek1936,https://www.youtube.com/@zipporatiemanmuziek1936,9 subscriber
,https://www.youtube.com/channel/UCGdWvxqvQ4d0UqWBkOfMEQQ,14 video
@slmmuziekofficial8866,https://www.youtube.com/@slmmuziekofficial8866,52 subscriber
@start-muziekenwoordkunst-d1094,https://www.youtube.com/@start-muziekenwoordkunst-d1094,104 subscriber
1 subscriber,https://www.youtube.com/channel/UCPqxIQGNhmTVnDOlKlXkC_Q,30 video
@muziek2469,https://www.youtube.com/@muziek2469,1 subscriber
@muzieklmuziekd3900,https://www.youtube.com/@muzieklmuziekd3900,2 subscriber
,https://www.youtube.com/channel/UCiB2rG8BgblHocuhBtiprwA,
,https://www.youtube.com/channel/UC8T9tFDzD23Yc2sbPetZtfg,27 video
2 subscriber,https://www.youtube.com/channel/UC8YQS8gcljgY2Mki3jg_81Q,12 video
@muziekhits9726,https://www.youtube.com/@muziekhits9726,1 subscriber
@muziek8269,https://www.youtube.com/@muziek8269,
@muziekzonietdantoch1538,https://www.youtube.com/@muziekzonietdantoch1538,2 subscriber
@minimuziek5757,https://www.youtube.com/@minimuziek5757,
@peacefulmuziek6409,https://www.youtube.com/@peacefulmuziek6409,4 subscriber
,https://www.youtube.com/channel/UCWiEgSaLUErpNflda3AmJNw,4 video
@muziekmuziek6867,https://www.youtube.com/@muziekmuziek6867,
@muzieklyrics2858,https://www.youtube.com/@muzieklyrics2858,76 subscriber
,https://www.youtube.com/channel/UCnAcxgRZ065f_eXK1o85c1w,657 video
@jblmuziekgang,https://www.youtube.com/@jblmuziekgang,4 subscriber
@muziekmuziek935,https://www.youtube.com/@muziekmuziek935,12 subscriber
,https://www.youtube.com/channel/UCCBbXvgf613ezBDLgGnCrOg,6 video
@bvipm,https://www.youtube.com/@bvipm,94 subscriber
,https://www.youtube.com/channel/UCKwVPEXVAL-fCsW_vdCi_vQ,7 video
@muziekloverromario2991,https://www.youtube.com/@muziekloverromario2991,
@kristenferwerdamuziekaccou6994,https://www.youtube.com/@kristenferwerdamuziekaccou6994,
@tengkumuziek4269,https://www.youtube.com/@tengkumuziek4269,3 subscriber
@muziekhecker6426,https://www.youtube.com/@muziekhecker6426,9 subscriber
,https://www.youtube.com/channel/UCkxSHmevPn5-DVI-PGk2PzQ,5 video
3 subscriber,https://www.youtube.com/channel/UCLoni0apOiwu7Q5nKMxry-Q,5 video
"11,4 rb subscriber",https://www.youtube.com/channel/UCY5gzidCvVUHsuOvx0WsMvA,10 video
@dutchgamingmuziek2716,https://www.youtube.com/@dutchgamingmuziek2716,
1 subscriber,https://www.youtube.com/channel/UCN3QF8MJeE0tC2JgAFwg2eA,29 video
@sherinadianedoofhorendmuzi1638,https://www.youtube.com/@sherinadianedoofhorendmuzi1638,1 subscriber
483 subscriber,https://www.youtube.com/channel/UC8ei4CU2xOqJpkti3YJIx0A,45 video
@kermismuziek60s-70s,https://www.youtube.com/@kermismuziek60s-70s,590 subscriber
@ConineMusic,https://www.youtube.com/@ConineMusic,3 subscriber
,https://www.youtube.com/channel/UCctDc6UfH-PVXT9fidP16dg,4 video
@muziekenreviews935,https://www.youtube.com/@muziekenreviews935,1 subscriber
@koerdischmuziek882,https://www.youtube.com/@koerdischmuziek882,1 subscriber
@MuziekBox,https://www.youtube.com/@MuziekBox,"13,4 rb subscriber"
@kalakaarmuziek4146,https://www.youtube.com/@kalakaarmuziek4146,
@meditatiemuziek9583,https://www.youtube.com/@meditatiemuziek9583,"3,37 rb subscriber"
,https://www.youtube.com/channel/UCxW39oJi8G9yH6dBF9Jg4dw,98 video
,https://www.youtube.com/channel/UC8lud8y7wXnwf9-beG9IMzg,45 video
@hkumuziekentechnologie7480,https://www.youtube.com/@hkumuziekentechnologie7480,54 subscriber
@muziekhits7776,https://www.youtube.com/@muziekhits7776,
@shaniamuziek8093,https://www.youtube.com/@shaniamuziek8093,3 subscriber
,https://www.youtube.com/channel/UC_jxryDDZ-yjO-OUomnIHRg,8 video
7 subscriber,https://www.youtube.com/channel/UCKm0OpNVgATLjh1gphGFJ7A,90 video
4 subscriber,https://www.youtube.com/channel/UCwEmc6W1UqMIz_kG8631nEA,196 video
3 subscriber,https://www.youtube.com/channel/UCXeOxiJdX0qyXstDuUfiQ4w,7 video
@babymuziek2116,https://www.youtube.com/@babymuziek2116,"5,38 rb subscriber"
2 subscriber,https://www.youtube.com/channel/UCsZl7D4k31ION1sIf_UFYNw,924 video
@muziekuitbelgie2178,https://www.youtube.com/@muziekuitbelgie2178,20 rb subscriber
2 subscriber,https://www.youtube.com/channel/UCGI1kN4MWY05lY7lv5_Q1bg,26 video
@siefo.muziek3960,https://www.youtube.com/@siefo.muziek3960,6 subscriber
@muziekforlife8911,https://www.youtube.com/@muziekforlife8911,2 subscriber
@dvstmuziek5230,https://www.youtube.com/@dvstmuziek5230,7 subscriber
@muzieknews6079,https://www.youtube.com/@muzieknews6079,
@muziekt,https://www.youtube.com/@muziekt,6 subscriber
@muziekarabich2658,https://www.youtube.com/@muziekarabich2658,5 subscriber
6 subscriber,https://www.youtube.com/channel/UCmYsidEzWL8-05O_CDzpIFA,2.198 video
@lucamuziekgaertner6184,https://www.youtube.com/@lucamuziekgaertner6184,
@ohboymuziek7081,https://www.youtube.com/@ohboymuziek7081,
@iranianmuziek784,https://www.youtube.com/@iranianmuziek784,3 subscriber
@tineke1512,https://www.youtube.com/@tineke1512,19 subscriber
@123orang1234567890,https://www.youtube.com/@123orang1234567890,36 subscriber
@muziek-endansschooloosterb3355,https://www.youtube.com/@muziek-endansschooloosterb3355,
@QueenMuziekAgency,https://www.youtube.com/@QueenMuziekAgency,2 subscriber
@muziek.0121,https://www.youtube.com/@muziek.0121,77 subscriber
@muziekuploaden531,https://www.youtube.com/@muziekuploaden531,38 subscriber
@muziekfreak6026,https://www.youtube.com/@muziekfreak6026,2 subscriber
@verstessse,https://www.youtube.com/@verstessse,5 subscriber
5 subscriber,https://www.youtube.com/channel/UCMkcADiDNamx5cjKezZbwuw,80 video
@topmuziek1343,https://www.youtube.com/@topmuziek1343,
@bluemersmuziek9847,https://www.youtube.com/@bluemersmuziek9847,28 subscriber
@muziek9984,https://www.youtube.com/@muziek9984,
@mardiesmuziek3903,https://www.youtube.com/@mardiesmuziek3903,1 subscriber
@spookymuziek6066,https://www.youtube.com/@spookymuziek6066,1 subscriber
,https://www.youtube.com/channel/UCQFrCTJ9qPXek6ygMvPPWWA,20 video
@artecollegemuziek9077,https://www.youtube.com/@artecollegemuziek9077,2 subscriber
@muziek839,https://www.youtube.com/@muziek839,3 subscriber
@JBL_muziek,https://www.youtube.com/@JBL_muziek,17 subscriber
@shonuffkimuziek7613,https://www.youtube.com/@shonuffkimuziek7613,5 subscriber
@introsenmuziek4960,https://www.youtube.com/@introsenmuziek4960,2 subscriber
,https://www.youtube.com/channel/UCyljfOofsTw65yYmrohU4cw,11 video
@muziek-km8lp,https://www.youtube.com/@muziek-km8lp,
@ragosmuziek5020,https://www.youtube.com/@ragosmuziek5020,2 subscriber
@muziekbeats2294,https://www.youtube.com/@muziekbeats2294,2 subscriber
@wienmuziek360,https://www.youtube.com/@wienmuziek360,
26 subscriber,https://www.youtube.com/channel/UC3gelAtynQ88MrnsuZvAuxw,226 video
@StudioMuziek,https://www.youtube.com/@StudioMuziek,
@jensongrootmuziek7971,https://www.youtube.com/@jensongrootmuziek7971,1 subscriber
18 subscriber,https://www.youtube.com/channel/UCRkkllyaWqCnIzYhelz5UFw,177 video
@bramwenno,https://www.youtube.com/@bramwenno,49 subscriber
@kyanwasrightmuziek1384,https://www.youtube.com/@kyanwasrightmuziek1384,2 subscriber
@losamigos_053muziek2,https://www.youtube.com/@losamigos_053muziek2,3 subscriber
@muziekvideos9180,https://www.youtube.com/@muziekvideos9180,2 subscriber
,https://www.youtube.com/channel/UCKNgxLuAzkS3zF2FiL0U-IA,40 video
@muzieklerci6438,https://www.youtube.com/@muzieklerci6438,9 subscriber
,https://www.youtube.com/channel/UCwBskmvj10o-erAjr3b9ALg,40 video
6 subscriber,https://www.youtube.com/channel/UCorGnIrLuNQ4PrmqI-Bjomg,362 video
@muziekstaffhorstvinyl1473,https://www.youtube.com/@muziekstaffhorstvinyl1473,5 subscriber
@mmuussiiccmuziek,https://www.youtube.com/@mmuussiiccmuziek,3 subscriber
,https://www.youtube.com/channel/UCgC_6axt2QGQ2hIguhxHeXg,54 video
@jaydenmuziekdoorson8904,https://www.youtube.com/@jaydenmuziekdoorson8904,1 subscriber
@naomifotos4099,https://www.youtube.com/@naomifotos4099,2 subscriber
@muziektd6415,https://www.youtube.com/@muziektd6415,4 subscriber
172 subscriber,https://www.youtube.com/channel/UCRiZFd9o4iVZs0nAZqnzB-A,243 video
,https://www.youtube.com/channel/UCuAwl9NQZC9mbY63wkrYY3g,47 video
@trippelbassboostmuziek3395,https://www.youtube.com/@trippelbassboostmuziek3395,7 subscriber
@muziekfilm2397,https://www.youtube.com/@muziekfilm2397,13 subscriber
@Alinabelgium,https://www.youtube.com/@Alinabelgium,5 subscriber
@epicmuziek5875,https://www.youtube.com/@epicmuziek5875,
@muziekband2455,https://www.youtube.com/@muziekband2455,
@muziekmix477,https://www.youtube.com/@muziekmix477,1 subscriber
@valeebmuziek2464,https://www.youtube.com/@valeebmuziek2464,48 subscriber
,https://www.youtube.com/@muziekluisteren5933,
@bassmuziek9514,https://www.youtube.com/@bassmuziek9514,
@hansversterinliteratuurmuz2726,https://www.youtube.com/@hansversterinliteratuurmuz2726,
@muziekscheldwoorden2.074,https://www.youtube.com/@muziekscheldwoorden2.074,10 subscriber
@muziekdlb7110,https://www.youtube.com/@muziekdlb7110,30 subscriber
@mutazestichtingmuziektalen6184,https://www.youtube.com/@mutazestichtingmuziektalen6184,3 subscriber
@randumuziek3547,https://www.youtube.com/@randumuziek3547,
@randyderkhofmuziekmeer4807,https://www.youtube.com/@randyderkhofmuziekmeer4807,3 subscriber
@muziektester6553,https://www.youtube.com/@muziektester6553,
@muziekfully582,https://www.youtube.com/@muziekfully582,
@muzieklyrics956,https://www.youtube.com/@muzieklyrics956,13 subscriber
@muziekvanytbers2383,https://www.youtube.com/@muziekvanytbers2383,
1 subscriber,https://www.youtube.com/channel/UCA9L0gWcasGGr1t-ZhVtpIA,34 video
@bestmuziek9052,https://www.youtube.com/@bestmuziek9052,
@Dr_Muziek,https://www.youtube.com/@Dr_Muziek,"8,45 rb subscriber"
@maxpointmuziek9797,https://www.youtube.com/@maxpointmuziek9797,4 subscriber
@sgb.muzieksgb2080,https://www.youtube.com/@sgb.muzieksgb2080,7 subscriber
@muziekpro8676,https://www.youtube.com/@muziekpro8676,1 subscriber
,https://www.youtube.com/channel/UCt7LAEBvR_Uka7d9a_8KSkQ,208 video
13 subscriber,https://www.youtube.com/channel/UCLkSfcsyekJj6rq6fe2wGww,19 video
@vaantjemuziek9505,https://www.youtube.com/@vaantjemuziek9505,54 subscriber
@SpraakzaamViddys,https://www.youtube.com/@SpraakzaamViddys,11 subscriber
@heimmuziek9383,https://www.youtube.com/@heimmuziek9383,1 subscriber
@contentstealers-muziek1464,https://www.youtube.com/@contentstealers-muziek1464,8 subscriber
@muzieksensationmusic6008,https://www.youtube.com/@muzieksensationmusic6008,18 subscriber
2 subscriber,https://www.youtube.com/channel/UC5w_lNbWqnpxFTloTvLyYyA,10 video
71 subscriber,https://www.youtube.com/channel/UCXzIfXeGD5jDDFgoev_z6qQ,49 video
@coolemuziek5857,https://www.youtube.com/@coolemuziek5857,10 subscriber
@DiederikWessekemp,https://www.youtube.com/@DiederikWessekemp,56 subscriber
,https://www.youtube.com/channel/UC2c6FcKG0R2B5sCcATIwisA,38 video
2 subscriber,https://www.youtube.com/channel/UCijL0CxStVHLv62cHoPrWPg,11 video
@muziekclip3061,https://www.youtube.com/@muziekclip3061,4 subscriber
1 subscriber,https://www.youtube.com/channel/UCRa9iuTapYREAz9fAItjCzQ,160 video
,https://www.youtube.com/channel/UCpzl0o4gqUY9ppss9xvJ9NQ,160 video
2 subscriber,https://www.youtube.com/channel/UCVAM98k3v9jREzOYE51jTTQ,160 video
@quarantainemuziektegencoro6078,https://www.youtube.com/@quarantainemuziektegencoro6078,5 subscriber
4 subscriber,https://www.youtube.com/channel/UC2Dzsza9745duz60pp-7l_A,78 video
,https://www.youtube.com/channel/UCH6GSbc195uDpwUS3JuUU-g,160 video
1 subscriber,https://www.youtube.com/channel/UCEQCGPjdTlmFEU3GEUJ5DoA,160 video
@repelsteeltjemuziek5821,https://www.youtube.com/@repelsteeltjemuziek5821,
,https://www.youtube.com/channel/UCA6x-4RtRySnnzf780pEaRQ,80 video
,https://www.youtube.com/channel/UCyIJFyJKQBCBic6Cdje4lPw,160 video
,https://www.youtube.com/channel/UCp_g6Y3fxaTDZdQaXlE1ucw,160 video
,https://www.youtube.com/channel/UCXSn-mWr2itEW7GwytOrMsA,160 video
,https://www.youtube.com/channel/UC5LSVi-n781QTeyMYh2IgPw,160 video
,https://www.youtube.com/channel/UCcla_InhZTvRGw6uMnjOMJQ,160 video
,https://www.youtube.com/channel/UCkP3qlqSRO-agNXVySQmV5Q,160 video
@muziekscan612,https://www.youtube.com/@muziekscan612,14 subscriber
@Apmusicbox,https://www.youtube.com/@Apmusicbox,
,https://www.youtube.com/channel/UCFQyNkNxJnWru8p6UXQbStw,20 video
,https://www.youtube.com/channel/UCjurDLgUP7-c79CxznyBABg,80 video
@muziekengamestudiolol348,https://www.youtube.com/@muziekengamestudiolol348,
,https://www.youtube.com/channel/UCx8wgGRWczO2kqKhwWzm7QA,20 video
7 subscriber,https://www.youtube.com/channel/UCjhEE_4YUZ3bSlGQVdG5aFA,24 video
@petermuziek4393,https://www.youtube.com/@petermuziek4393,
@muziekspotlijsten5242,https://www.youtube.com/@muziekspotlijsten5242,2 subscriber
,https://www.youtube.com/channel/UCU3VOwvyKvHKj68v0BUuCeg,20 video
3 subscriber,https://www.youtube.com/channel/UCuNpJxHz60DiIekWUp3R1mw,80 video
,https://www.youtube.com/channel/UCMjUCIXyw_Rde2Eu8T-uo6w,80 video
,https://www.youtube.com/channel/UCvII37FVjCARLrincp0vzDw,40 video
,https://www.youtube.com/channel/UC3IUcDCgmkZ59XM9Zqt0X0w,20 video
,https://www.youtube.com/channel/UChp1Ej-NDcuShIxJ7ukU5mg,20 video
@medlymuziek2702,https://www.youtube.com/@medlymuziek2702,1 subscriber
@meteorsmuziek9860,https://www.youtube.com/@meteorsmuziek9860,24 subscriber
@kilerofmuziek295,https://www.youtube.com/@kilerofmuziek295,1 subscriber
@qualitymuziek1744,https://www.youtube.com/@qualitymuziek1744,2 subscriber
@testmuziek2581,https://www.youtube.com/@testmuziek2581,
@themuziek6473,https://www.youtube.com/@themuziek6473,3 subscriber
@repsajmuziek_5805,https://www.youtube.com/@repsajmuziek_5805,19 subscriber
@nmdmuziek6649,https://www.youtube.com/@nmdmuziek6649,
@kempischemuziekendans3609,https://www.youtube.com/@kempischemuziekendans3609,4 subscriber
@muziekisdemax3357,https://www.youtube.com/@muziekisdemax3357,4 subscriber
@muziekhiphop3648,https://www.youtube.com/@muziekhiphop3648,44 subscriber
@lottemaritellesrebeccamuzi7620,https://www.youtube.com/@lottemaritellesrebeccamuzi7620,
@muziekenlifestyle1063,https://www.youtube.com/@muziekenlifestyle1063,1 subscriber
@tiensemuziek2293,https://www.youtube.com/@tiensemuziek2293,2 subscriber
@tgwmuziek4947,https://www.youtube.com/@tgwmuziek4947,2 subscriber
@miejomuziekhaverals450,https://www.youtube.com/@miejomuziekhaverals450,1 subscriber
,https://www.youtube.com/channel/UCqE7vBOKdG300ObmOTzlLvQ,60 video
@muziekmaker6433,https://www.youtube.com/@muziekmaker6433,
@officieelmuziek3806,https://www.youtube.com/@officieelmuziek3806,25 subscriber
@boumuziek4334,https://www.youtube.com/@boumuziek4334,
@powermuziek5937,https://www.youtube.com/@powermuziek5937,1 subscriber
@holidaybandwereldsemuziek1472,https://www.youtube.com/@holidaybandwereldsemuziek1472,2 subscriber
@okkaziemuziek5983,https://www.youtube.com/@okkaziemuziek5983,9 subscriber
@muziekco2826,https://www.youtube.com/@muziekco2826,12 subscriber
@musicmuziek3240,https://www.youtube.com/@musicmuziek3240,10 subscriber
,https://www.youtube.com/channel/UCxW0Kkbq_sKtgYAKRcsPa-g,80 video
@bestmuziek6635,https://www.youtube.com/@bestmuziek6635,1 subscriber
@muziekplay1093,https://www.youtube.com/@muziekplay1093,1 subscriber
@muziekvanguus9145,https://www.youtube.com/@muziekvanguus9145,22 subscriber
@muziekmaker2900,https://www.youtube.com/@muziekmaker2900,3 subscriber
@tijdlozemuziek9351,https://www.youtube.com/@tijdlozemuziek9351,12 subscriber
@muziekguy7528,https://www.youtube.com/@muziekguy7528,1 subscriber
@maxmuziek4211,https://www.youtube.com/@maxmuziek4211,
@lesleymuziek7753,https://www.youtube.com/@lesleymuziek7753,1 subscriber
@muziekd1542,https://www.youtube.com/@muziekd1542,5 subscriber
@muziektester2400,https://www.youtube.com/@muziektester2400,
@muziekhans4055,https://www.youtube.com/@muziekhans4055,3 subscriber
@nickmuziek2249,https://www.youtube.com/@nickmuziek2249,5 subscriber
@muziektv3459,https://www.youtube.com/@muziektv3459,34 subscriber
@carlamuziek5537,https://www.youtube.com/@carlamuziek5537,13 subscriber
@muziek0247,https://www.youtube.com/@muziek0247,
@filmsmuziek3707,https://www.youtube.com/@filmsmuziek3707,
@nathanmuziek74,https://www.youtube.com/@nathanmuziek74,6 subscriber
@muziekworld1674,https://www.youtube.com/@muziekworld1674,26 subscriber
@muzieklover8425,https://www.youtube.com/@muzieklover8425,
@zweersmuziek3135,https://www.youtube.com/@zweersmuziek3135,41 subscriber
@wjamuziek7701,https://www.youtube.com/@wjamuziek7701,
@hallomuziek9392,https://www.youtube.com/@hallomuziek9392,
@pactmuziek3155,https://www.youtube.com/@pactmuziek3155,47 subscriber
@muziekdjsven1566,https://www.youtube.com/@muziekdjsven1566,
@kavamuziek8988,https://www.youtube.com/@kavamuziek8988,15 subscriber
@PhantasialandMuziek,https://www.youtube.com/@PhantasialandMuziek,1 subscriber
@muziekvevosongs3404,https://www.youtube.com/@muziekvevosongs3404,1 subscriber
@rapmuziek1954,https://www.youtube.com/@rapmuziek1954,
@dianesmuziek6674,https://www.youtube.com/@dianesmuziek6674,
@maaikevanveenmuziek9298,https://www.youtube.com/@maaikevanveenmuziek9298,13 subscriber
@afromuziek7631,https://www.youtube.com/@afromuziek7631,
@muzieklin8962,https://www.youtube.com/@muzieklin8962,
@muziekkoning1798,https://www.youtube.com/@muziekkoning1798,4 subscriber
@i.v.o.muziek9508,https://www.youtube.com/@i.v.o.muziek9508,
@rappmuziek1768,https://www.youtube.com/@rappmuziek1768,
@robmuziek2129,https://www.youtube.com/@robmuziek2129,
@muziekworldlife1803,https://www.youtube.com/@muziekworldlife1803,2 subscriber
@daveymuziek6775,https://www.youtube.com/@daveymuziek6775,1 subscriber
,https://www.youtube.com/@mientjemuziek7369,
@gelektemuziek8159,https://www.youtube.com/@gelektemuziek8159,10 subscriber
@populiermuziek7932,https://www.youtube.com/@populiermuziek7932,21 subscriber
@grenzelozemuziek8536,https://www.youtube.com/@grenzelozemuziek8536,6 subscriber
,https://www.youtube.com/@ewanmuziekmuziek5142,
@baadtrapmuziekffieciel2116,https://www.youtube.com/@baadtrapmuziekffieciel2116,632 subscriber
@billymuziek2453,https://www.youtube.com/@billymuziek2453,1 subscriber
