channel name;channel url;subscribers;Language
@GoatedGang;https://www.youtube.com/@GoatedGang;1,01M ;english
@CKNGaming;https://www.youtube.com/@CKNGaming;1,03M ;english
@GamingHistorian;https://www.youtube.com/@GamingHistorian;1,03M ;english
@KairosGaming;https://www.youtube.com/@KairosGaming;1,04M ;english
@MohiTGaminGWorlD;https://www.youtube.com/@MohiTGaminGWorlD;1,05M ;english
@FatihGAMINGYT;https://www.youtube.com/@FatihGAMINGYT;1,06M ;english
@FMRadioGaming;https://www.youtube.com/@FMRadioGaming;1,08M ;english
@SopoSquadGaming;https://www.youtube.com/@SopoSquadGaming;1,11M ;english
@HipsterGaming;https://www.youtube.com/@HipsterGaming;1,12M ;english
@hsgaming67;https://www.youtube.com/@hsgaming67;1,12M ;english
@HudsonsPlaygroundGaming;https://www.youtube.com/@HudsonsPlaygroundGaming;1,12M ;english
@GamingFollow;https://www.youtube.com/@GamingFollow;1,15M ;english
@TeddyGaming;https://www.youtube.com/@TeddyGaming;1,17M ;english
@ArpanGaming8;https://www.youtube.com/@ArpanGaming8;1,17M ;english
@MissSnap;https://www.youtube.com/@MissSnap;1,17M ;english
@SamTaborGaming;https://www.youtube.com/@SamTaborGaming;1,17M ;english
@rifkyars_;https://www.youtube.com/@rifkyars_;1,19M ;english
@4KGamingNepal;https://www.youtube.com/@4KGamingNepal;1,1M ;english
@Luigikid;https://www.youtube.com/@Luigikid;1,1M ;english
@ThorGaming77;https://www.youtube.com/@ThorGaming77;1,23M ;english
@JasonGamingyt;https://www.youtube.com/@JasonGamingyt;1,26M ;english
@DragonGaming_Official;https://www.youtube.com/@DragonGaming_Official;1,27M ;english
@PriGaming;https://www.youtube.com/@PriGaming;1,27M ;english
@NemoGaming1;https://www.youtube.com/@NemoGaming1;1,27M ;english
@TAMPANGAMING;https://www.youtube.com/@TAMPANGAMING;1,29M ;english
@JKrewGaming;https://www.youtube.com/@JKrewGaming;1,2M ;english
@gaming_foodie;https://www.youtube.com/@gaming_foodie;1,32M ;english
@ArekkzGaming;https://www.youtube.com/@ArekkzGaming;1,36M ;english
@HOKAGO_GAMING_LIFE;https://www.youtube.com/@HOKAGO_GAMING_LIFE;1,38M ;english
@MessYourselfGaming;https://www.youtube.com/@MessYourselfGaming;1,38M ;english
@HindGaming;https://www.youtube.com/@HindGaming;1,3M ;english
@LuxxyGamingg;https://www.youtube.com/@LuxxyGamingg;1,41M ;english
@shivgamgaming4677;https://www.youtube.com/@shivgamgaming4677;1,41M ;english
@fulkigaming;https://www.youtube.com/@fulkigaming;1,43K ;english
@Funhaus;https://www.youtube.com/@Funhaus;1,43M ;english
@eybelgaming;https://www.youtube.com/@eybelgaming;1,44M ;english
@darlunggaming1412;https://www.youtube.com/@darlunggaming1412;1,46M ;english
@KCityGaming;https://www.youtube.com/@KCityGaming;1,47M ;english
@BilashGaming;https://www.youtube.com/@BilashGaming;1,48M ;english
@KaztroGAMINGYT;https://www.youtube.com/@KaztroGAMINGYT;1,4M ;english
@SnaxGaming;https://www.youtube.com/@SnaxGaming;1,62M ;english
@NAFIGaming;https://www.youtube.com/@NAFIGaming;1,64M ;english
@MisterCemprengGaming;https://www.youtube.com/@MisterCemprengGaming;1,65M ;english
@itswhateverok;https://www.youtube.com/@itswhateverok;1,66M ;english
@mrbeastgamingbrasil;https://www.youtube.com/@mrbeastgamingbrasil;1,68M ;english
@Zgamingofficial;https://www.youtube.com/@Zgamingofficial;1,72M ;english
@WhatCultureGaming;https://www.youtube.com/@WhatCultureGaming;1,73M ;english
@UnqGamer;https://www.youtube.com/@UnqGamer;1,74M ;english
@CouRageGaming;https://www.youtube.com/@CouRageGaming;1,88M ;english
@PresidenGaming;https://www.youtube.com/@PresidenGaming;1,8M ;english
@bindasskavyagaming;https://www.youtube.com/@bindasskavyagaming;1,8M ;english
@RonGamingLive;https://www.youtube.com/@RonGamingLive;1,9M ;english
@Shivang02;https://www.youtube.com/@Shivang02;1,9M ;english
@SocietyOfGaming;https://www.youtube.com/@SocietyOfGaming;10,2K ;english
@ESG1;https://www.youtube.com/@ESG1;10,7K ;english
@archidickygaming;https://www.youtube.com/@archidickygaming;100K ;english
@InfomniaGaming;https://www.youtube.com/@InfomniaGaming;100K ;english
@PrettexGaming;https://www.youtube.com/@PrettexGaming;101K ;english
@hareedgaming;https://www.youtube.com/@hareedgaming;105K ;english
@somebrosgaming;https://www.youtube.com/@somebrosgaming;106K ;english
@QAYZERGAMING;https://www.youtube.com/@QAYZERGAMING;106K ;english
@MODGaming25;https://www.youtube.com/@MODGaming25;107K ;english
@Stealth17Gaming;https://www.youtube.com/@Stealth17Gaming;107K ;english
@IntelligentGaming2020;https://www.youtube.com/@IntelligentGaming2020;10K ;english
@BulletCatcherGaming;https://www.youtube.com/@BulletCatcherGaming;11,1K ;english
@NezeruGaming;https://www.youtube.com/@NezeruGaming;11,2K ;english
@XenGamingChannel;https://www.youtube.com/@XenGamingChannel;11,6K ;english
@GamingWithKev;https://www.youtube.com/@GamingWithKev;11,7M ;english
@MrKeGaming;https://www.youtube.com/@MrKeGaming;11,8K ;english
@FrontaLGaming;https://www.youtube.com/@FrontaLGaming;11,9M ;english
@gamingshow;https://www.youtube.com/@gamingshow;110K ;english
@Strat-Guides;https://www.youtube.com/@Strat-Guides;111K ;english
@ASQDGAMING;https://www.youtube.com/@ASQDGAMING;111K ;english
@PoliceGamingYT;https://www.youtube.com/@PoliceGamingYT;115K ;english
@HAHoneyGaming;https://www.youtube.com/@HAHoneyGaming;116K ;english
@PsychoghostGaming;https://www.youtube.com/@PsychoghostGaming;118K ;english
@GamingMickeyMouse;https://www.youtube.com/@GamingMickeyMouse;118K ;english
@MissClickGaming;https://www.youtube.com/@MissClickGaming;118K ;english
@intelgaming;https://www.youtube.com/@intelgaming;119K ;english
@ItsDaveTVGaming;https://www.youtube.com/@ItsDaveTVGaming;12,1K ;english
@amber-gaming;https://www.youtube.com/@amber-gaming;12,7K ;english
@OhShiitakeMushroomsGaming;https://www.youtube.com/@OhShiitakeMushroomsGaming;121K ;english
@fishstickonastick-gaming;https://www.youtube.com/@fishstickonastick-gaming;121K ;english
@GLPTVee;https://www.youtube.com/@GLPTVee;122K ;english
@OnChainGaming;https://www.youtube.com/@OnChainGaming;125K ;english
@fsgnews;https://www.youtube.com/@fsgnews;126K ;english
@brandonstilleygaming;https://www.youtube.com/@brandonstilleygaming;126K ;english
@xgfofficial;https://www.youtube.com/@xgfofficial;127K ;english
@Channel5Gaming;https://www.youtube.com/@Channel5Gaming;127K ;english
@HRgaming;https://www.youtube.com/@HRgaming;128K ;english
@GamesGraphics;https://www.youtube.com/@GamesGraphics;129K ;english
@BUDI01GAMING;https://www.youtube.com/@BUDI01GAMING;13,6M ;english
@thraungaming824;https://www.youtube.com/@thraungaming824;13,8K ;english
@MADHYPERGAMING13;https://www.youtube.com/@MADHYPERGAMING13;130K ;english
@CinematicSeriesGaming;https://www.youtube.com/@CinematicSeriesGaming;131K ;english
@GetIndieGaming;https://www.youtube.com/@GetIndieGaming;131K ;english
@adgamingofficial1;https://www.youtube.com/@adgamingofficial1;132K ;english
@BluegamingPubg;https://www.youtube.com/@BluegamingPubg;132K ;english
@CJRGaming95;https://www.youtube.com/@CJRGaming95;133K ;english
@NexaTerraGaming;https://www.youtube.com/@NexaTerraGaming;134K ;english
@VirtualGamingLibrary;https://www.youtube.com/@VirtualGamingLibrary;134K ;english
@AsmongoldGaming;https://www.youtube.com/@AsmongoldGaming;135K ;english
@SPDGamingOfficial;https://www.youtube.com/@SPDGamingOfficial;136K ;english
@JohnnyBlazeGaming;https://www.youtube.com/@JohnnyBlazeGaming;136K ;english
@FastLaneGaming809;https://www.youtube.com/@FastLaneGaming809;137K ;english
@Flik;https://www.youtube.com/@Flik;138K ;english
@CAZEGAMING;https://www.youtube.com/@CAZEGAMING;138K ;english
@ThreeMinuteGaming;https://www.youtube.com/@ThreeMinuteGaming;14,7K ;english
@TheGamingResume;https://www.youtube.com/@TheGamingResume;14,8K ;english
@GyanGaming;https://www.youtube.com/@GyanGaming;14,9M ;english
@g00nsgaming;https://www.youtube.com/@g00nsgaming;140K ;english
@EvanandKatelynGaming;https://www.youtube.com/@EvanandKatelynGaming;141K ;english
@GamingGrizzly;https://www.youtube.com/@GamingGrizzly;144K ;english
@HatFilmsGaming;https://www.youtube.com/@HatFilmsGaming;145K ;english
@hujanvg;https://www.youtube.com/@hujanvg;148K ;english
@LOKESHGAMER;https://www.youtube.com/@LOKESHGAMER;15,5M ;english
@BoardGamingRamblings;https://www.youtube.com/@BoardGamingRamblings;15,9K ;english
@VideoGameDataBank;https://www.youtube.com/@VideoGameDataBank;150K ;english
@HypeSquadRoblox;https://www.youtube.com/@HypeSquadRoblox;150K ;english
@SirMooseGaming;https://www.youtube.com/@SirMooseGaming;152K ;english
@BigDanGaming;https://www.youtube.com/@BigDanGaming;152K ;english
@pistanvdsgaming;https://www.youtube.com/@pistanvdsgaming;152K ;english
@PechGAMING;https://www.youtube.com/@PechGAMING;159K ;english
@BelowAverageGaming;https://www.youtube.com/@BelowAverageGaming;16,1K ;english
@POGFamilyGaming;https://www.youtube.com/@POGFamilyGaming;16,1K ;english
@GhostfireGaming;https://www.youtube.com/@GhostfireGaming;16,4K ;english
@WIREDGAMING;https://www.youtube.com/@WIREDGAMING;16,8K ;english
@TwosiXGaming;https://www.youtube.com/@TwosiXGaming;16,8K ;english
@xQcGaming;https://www.youtube.com/@xQcGaming;163K ;english
@GTGaming21;https://www.youtube.com/@GTGaming21;163K ;english
@TopHatGamingManChannel;https://www.youtube.com/@TopHatGamingManChannel;163K ;english
@SkvalaGaming;https://www.youtube.com/@SkvalaGaming;164K ;english
@Paprika_Gaming;https://www.youtube.com/@Paprika_Gaming;164K ;english
@dtgaming5546;https://www.youtube.com/@dtgaming5546;165K ;english
@glacierrgaming7360;https://www.youtube.com/@glacierrgaming7360;165K ;english
@BananaKiGaming;https://www.youtube.com/@BananaKiGaming;166K ;english
@GGGabrielGaming;https://www.youtube.com/@GGGabrielGaming;168K ;english
@GhemaGaming;https://www.youtube.com/@GhemaGaming;16K ;english
@mariosgamingworld9311;https://www.youtube.com/@mariosgamingworld9311;17,2K ;english
@BarryGamingToo;https://www.youtube.com/@BarryGamingToo;17,3K ;english
@AkitaGaming;https://www.youtube.com/@AkitaGaming;17,4K ;english
@NFLTNG;https://www.youtube.com/@NFLTNG;17,5K ;english
@KyroGaming1;https://www.youtube.com/@KyroGaming1;17,6K ;english
@BlueJayTGaming;https://www.youtube.com/@BlueJayTGaming;17,9K ;english
@DandifyingGaming;https://www.youtube.com/@DandifyingGaming;17,9K ;english
@aceunyil;https://www.youtube.com/@aceunyil;170K ;english
@GrowYourGamingChannel;https://www.youtube.com/@GrowYourGamingChannel;170K ;english
@RealMonsterGaming;https://www.youtube.com/@RealMonsterGaming;172K ;english
@MuntageGaming;https://www.youtube.com/@MuntageGaming;172K ;english
@tompelgaming_LCN;https://www.youtube.com/@tompelgaming_LCN;172K ;english
@BSoDGaming;https://www.youtube.com/@BSoDGaming;174K ;english
@KazukiOfficialGaming;https://www.youtube.com/@KazukiOfficialGaming;175K ;english
@Incursus;https://www.youtube.com/@Incursus;175K ;english
@BSDGaming;https://www.youtube.com/@BSDGaming;176K ;english
@MilitiaGamingCommunity;https://www.youtube.com/@MilitiaGamingCommunity;177K ;english
@MASTIZONEGAMING;https://www.youtube.com/@MASTIZONEGAMING;177K ;english
@UniPinGaming;https://www.youtube.com/@UniPinGaming;179K ;english
@NotAGamerGaming;https://www.youtube.com/@NotAGamerGaming;18,1K ;english
@EGCTV_Official;https://www.youtube.com/@EGCTV_Official;18,7K ;english
@DPGamingg;https://www.youtube.com/@DPGamingg;180K ;english
@ahosgaming9104;https://www.youtube.com/@ahosgaming9104;182K ;english
@N00BGaming08;https://www.youtube.com/@N00BGaming08;183K ;english
@BeeFamilyGaming;https://www.youtube.com/@BeeFamilyGaming;183K ;english
@JForceGaming;https://www.youtube.com/@JForceGaming;186K ;english
@udinpluto.;https://www.youtube.com/@udinpluto.;187K ;english
@ErikGriffinGaming;https://www.youtube.com/@ErikGriffinGaming;18K ;english
@Onos;https://www.youtube.com/@Onos;19,1K ;english
@tightropegaming;https://www.youtube.com/@tightropegaming;19,1K ;english
@SchuGaming;https://www.youtube.com/@SchuGaming;19,3K ;english
???? ????? ????? | Arab Games Network@;https://www.youtube.com/@ArabGamesNetwork;19,6M;english
@CHANUGAMINGBUSSID;https://www.youtube.com/@CHANUGAMINGBUSSID;19,9K ;english
@UnderdogsGaming;https://www.youtube.com/@UnderdogsGaming;191K ;english
@Indigo_Gaming;https://www.youtube.com/@Indigo_Gaming;194K ;english
@GeorgeGamingTamil;https://www.youtube.com/@GeorgeGamingTamil;195K ;english
@GeekGamingScenics;https://www.youtube.com/@GeekGamingScenics;197K ;english
@SiddhaGaming;https://www.youtube.com/@SiddhaGaming;198K ;english
@capigaming;https://www.youtube.com/@capigaming;1M ;english
@KrontenGaming;https://www.youtube.com/@KrontenGaming;2,05M ;english
@shfagaming123;https://www.youtube.com/@shfagaming123;2,11M ;english
@GamersNexus;https://www.youtube.com/@GamersNexus;2,11M ;english
@NorrisNutsGaming;https://www.youtube.com/@NorrisNutsGaming;2,12M ;english
@DhanuDinoo;https://www.youtube.com/@DhanuDinoo;2,27M ;english
@GamingSubrata;https://www.youtube.com/@GamingSubrata;2,28M ;english
@ATHENA0829;https://www.youtube.com/@ATHENA0829;2,28M ;english
@MayaClaraGaming;https://www.youtube.com/@MayaClaraGaming;2,29M ;english
@GAMINGWITHRAAHIM;https://www.youtube.com/@GAMINGWITHRAAHIM;2,29M ;english
@dibosgaming;https://www.youtube.com/@dibosgaming;2,2M ;english
@NeebsGaming;https://www.youtube.com/@NeebsGaming;2,35M ;english
@StarBorneGaming;https://www.youtube.com/@StarBorneGaming;2,37M ;english
@wayanxgaming;https://www.youtube.com/@wayanxgaming;2,43M ;english
@VonOrdonaYT;https://www.youtube.com/@VonOrdonaYT;2,45M ;english
@HiteshKSHindiGaming;https://www.youtube.com/@HiteshKSHindiGaming;2,45M ;english
@RyzenGaming49;https://www.youtube.com/@RyzenGaming49;2,45M ;english
@pandugaming5241;https://www.youtube.com/@pandugaming5241;2,61M ;english
@JudoSloth;https://www.youtube.com/@JudoSloth;2,66M ;english
@JONTYGAMING;https://www.youtube.com/@JONTYGAMING;2,73M ;english
@onlyugaming;https://www.youtube.com/@onlyugaming;2,76K ;english
@TBFGaming;https://www.youtube.com/@TBFGaming;20,2K ;english
@MavsGaming;https://www.youtube.com/@MavsGaming;20,8K ;english
@NamTeGaming;https://www.youtube.com/@NamTeGaming;202K ;english
@GAMINGwithGregory;https://www.youtube.com/@GAMINGwithGregory;203K ;english
@WannyGaming;https://www.youtube.com/@WannyGaming;206K ;english
@DaveGaming;https://www.youtube.com/@DaveGaming;207K ;english
@SpacestationGaming;https://www.youtube.com/@SpacestationGaming;208K ;english
@ASGamingsahil;https://www.youtube.com/@ASGamingsahil;20M ;english
@DriftyG;https://www.youtube.com/@DriftyG;21,1K ;english
@Chaotic_Gaming;https://www.youtube.com/@Chaotic_Gaming;21,2K ;english
@SpectrGamingg;https://www.youtube.com/@SpectrGamingg;21,3K ;english
@LexnosGaming;https://www.youtube.com/@LexnosGaming;216K ;english
@SnehilopGaming;https://www.youtube.com/@SnehilopGaming;217K ;english
@SeasonedGaming;https://www.youtube.com/@SeasonedGaming;22,1K ;english
@TheCyberNerdsGaming;https://www.youtube.com/@TheCyberNerdsGaming;22,4K ;english
@GamingwithKing1;https://www.youtube.com/@GamingwithKing1;22,5K ;english
@katkatgaming;https://www.youtube.com/@katkatgaming;222K ;english
@MarkArmstrongGaming;https://www.youtube.com/@MarkArmstrongGaming;222K ;english
@Chisgule;https://www.youtube.com/@Chisgule;226K ;english
@GamingSadu;https://www.youtube.com/@GamingSadu;226K ;english
@MayurGamingClips;https://www.youtube.com/@MayurGamingClips;226K ;english
@JHCGaming;https://www.youtube.com/@JHCGaming;227K ;english
@SnipeGamingTV;https://www.youtube.com/@SnipeGamingTV;227K ;english
@lightskingamingGTA;https://www.youtube.com/@lightskingamingGTA;228K ;english
@Soulhector;https://www.youtube.com/@Soulhector;229K ;english
@CsuszyGaming;https://www.youtube.com/@CsuszyGaming;231K ;english
@indiatodaygaming;https://www.youtube.com/@indiatodaygaming;237K ;english
@basicgaming9384;https://www.youtube.com/@basicgaming9384;237K ;english
@HotPepperGaming;https://www.youtube.com/@HotPepperGaming;238K ;english
@NavritGamingExtra8;https://www.youtube.com/@NavritGamingExtra8;238K ;english
@PITCH_SG;https://www.youtube.com/@PITCH_SG;238K ;english
@OnlydravenGaming;https://www.youtube.com/@OnlydravenGaming;24,1K ;english
@MaDzGaming;https://www.youtube.com/@MaDzGaming;24,1K ;english
@HHGamingNetwork;https://www.youtube.com/@HHGamingNetwork;24,2K ;english
@Raftaargaming1;https://www.youtube.com/@Raftaargaming1;24,6K ;english
@YamatufaGaming;https://www.youtube.com/@YamatufaGaming;24,6K ;english
@KadiyaGaming;https://www.youtube.com/@KadiyaGaming;24,6K ;english
@starsquadmolly;https://www.youtube.com/@starsquadmolly;240K ;english
@RushFamGaming;https://www.youtube.com/@RushFamGaming;243K ;english
@gamingwithjovanna;https://www.youtube.com/@gamingwithjovanna;244K ;english
@arkblowoutgaming;https://www.youtube.com/@arkblowoutgaming;25,5K ;english
@StankieGaming;https://www.youtube.com/@StankieGaming;25,8K ;english
@OvertimeGG;https://www.youtube.com/@OvertimeGG;252K ;english
@jarvisandkaygaming;https://www.youtube.com/@jarvisandkaygaming;258K ;english
@joyofgaming3101;https://www.youtube.com/@joyofgaming3101;259K ;english
@Igaming40TheMafia;https://www.youtube.com/@Igaming40TheMafia;26,3K ;english
@rentalgaming2090;https://www.youtube.com/@rentalgaming2090;26,6K ;english
@ExecutusGaming;https://www.youtube.com/@ExecutusGaming;26,7K ;english
@rgalexalive9246;https://www.youtube.com/@rgalexalive9246;264K ;english
@BucketHeadGaming2002;https://www.youtube.com/@BucketHeadGaming2002;265K ;english
@MortismalGaming;https://www.youtube.com/@MortismalGaming;265K ;english
@TGW;https://www.youtube.com/@TGW;266K ;english
@erwingaming2002;https://www.youtube.com/@erwingaming2002;268K ;english
@DieselDesigns;https://www.youtube.com/@DieselDesigns;269K ;english
@GLIDGaming;https://www.youtube.com/@GLIDGaming;269K ;english
@iTzuGaming;https://www.youtube.com/@iTzuGaming;269K ;english
@EK1Gaming;https://www.youtube.com/@EK1Gaming;27,5K ;english
@CensoredGaming;https://www.youtube.com/@CensoredGaming;272K ;english
@starsquaddaisy;https://www.youtube.com/@starsquaddaisy;275K ;english
@DjGoHamGaming;https://www.youtube.com/@DjGoHamGaming;276K ;english
@OMBgaming;https://www.youtube.com/@OMBgaming;277K ;english
@AkshayGaminglive;https://www.youtube.com/@AkshayGaminglive;278K ;english
@BusttheNet;https://www.youtube.com/@BusttheNet;28,1K ;english
@ASMRGamingNews;https://www.youtube.com/@ASMRGamingNews;282K ;english
@Ic0nGaming;https://www.youtube.com/@Ic0nGaming;29,3K ;english
@PhilipHarts;https://www.youtube.com/@PhilipHarts;29,5K ;english
@AbhishekkzGaming;https://www.youtube.com/@AbhishekkzGaming;296K ;english
@orangejuice;https://www.youtube.com/@orangejuice;3,03M ;english
@Munnabhaigaming;https://www.youtube.com/@Munnabhaigaming;3,22M ;english
@KundanGaming;https://www.youtube.com/@KundanGaming;3,23M ;english
@PAYALGAMING;https://www.youtube.com/@PAYALGAMING;3,34M ;english
@CamodoGaming;https://www.youtube.com/@CamodoGaming;3,37M ;english
@OnespotGaming;https://www.youtube.com/@OnespotGaming;3,47M ;english
@kelvingaming7;https://www.youtube.com/@kelvingaming7;3,68M ;english
@VYGaming;https://www.youtube.com/@VYGaming;3,92M ;english
@MotionGaming;https://www.youtube.com/@MotionGaming;30,3K ;english
@CrimsonGamingMC;https://www.youtube.com/@CrimsonGamingMC;30,3K ;english
@StruthGaming;https://www.youtube.com/@StruthGaming;30,4K ;english
@SpartanIsGaming;https://www.youtube.com/@SpartanIsGaming;30,4K ;english
@EchoRidgeGaming;https://www.youtube.com/@EchoRidgeGaming;30,4K ;english
@Nychus;https://www.youtube.com/@Nychus;30,5K ;english
@MeowGaming1133;https://www.youtube.com/@MeowGaming1133;30,6K ;english
@HoodGamingUK;https://www.youtube.com/@HoodGamingUK;30,8K ;english
@GamingCuriosApex;https://www.youtube.com/@GamingCuriosApex;302K ;english
@dudeperfectgaming;https://www.youtube.com/@dudeperfectgaming;307K ;english
@TakeAndGaming;https://www.youtube.com/@TakeAndGaming;309K ;english
@StantinGaming;https://www.youtube.com/@StantinGaming;31,2K ;english
@GreyGamingGG;https://www.youtube.com/@GreyGamingGG;31,4K ;english
@GamingHarryYT;https://www.youtube.com/@GamingHarryYT;314K ;english
@GamingWithAbyss;https://www.youtube.com/@GamingWithAbyss;318K ;english
@sofasupastargaming;https://www.youtube.com/@sofasupastargaming;32,6K ;english
@FIFAgamingPS5;https://www.youtube.com/@FIFAgamingPS5;32,8K ;english
@ECHOGamingDiablo;https://www.youtube.com/@ECHOGamingDiablo;32,9K ;english
@GamingUniversityUoG;https://www.youtube.com/@GamingUniversityUoG;32,9K ;english
@BluxxyGaming;https://www.youtube.com/@BluxxyGaming;323K ;english
@CarlayleeHDGaming;https://www.youtube.com/@CarlayleeHDGaming;329K ;english
@NappyBoyGaming;https://www.youtube.com/@NappyBoyGaming;33,4K ;english
@CombatSportsGaming;https://www.youtube.com/@CombatSportsGaming;33,4K ;english
@ReforgeGaming;https://www.youtube.com/@ReforgeGaming;33,5K ;english
@SirSpatsGaming;https://www.youtube.com/@SirSpatsGaming;33,7K ;english
@Lyincer;https://www.youtube.com/@Lyincer;335K ;english
@GrubMagnet;https://www.youtube.com/@GrubMagnet;34,2K ;english
@NoiseGaming;https://www.youtube.com/@NoiseGaming;340K ;english
@EvoLozGaming;https://www.youtube.com/@EvoLozGaming;34K ;english
@AbyxGaming;https://www.youtube.com/@AbyxGaming;35,2K ;english
@furryhippogaming;https://www.youtube.com/@furryhippogaming;35,5K ;english
@GamingGeneration;https://www.youtube.com/@GamingGeneration;350K ;english
@MadStaffGaming;https://www.youtube.com/@MadStaffGaming;351K ;english
@shinchangaming9029;https://www.youtube.com/@shinchangaming9029;352K ;english
@TotalGaming093;https://www.youtube.com/@TotalGaming093;36,8M ;english
@manjiwgaming;https://www.youtube.com/@manjiwgaming;36,9K ;english
@Reza.Gaming;https://www.youtube.com/@Reza.Gaming;361K ;english
@ShadowGamingGta5;https://www.youtube.com/@ShadowGamingGta5;364K ;english
@SuggestiveGaming;https://www.youtube.com/@SuggestiveGaming;369K ;english
@MisfitsFun;https://www.youtube.com/@MisfitsFun;369K ;english
@FartsGaming;https://www.youtube.com/@FartsGaming;37,2K ;english
@VaniverseGaming;https://www.youtube.com/@VaniverseGaming;37,5K ;english
@ABeastGaming;https://www.youtube.com/@ABeastGaming;37,5K ;english
@LegacyGamingUS;https://www.youtube.com/@LegacyGamingUS;370K ;english
@TStingray;https://www.youtube.com/@TStingray;370K ;english
@papilogaming;https://www.youtube.com/@papilogaming;373K ;english
@WePCBuild;https://www.youtube.com/@WePCBuild;376K ;english
@GamingGangs;https://www.youtube.com/@GamingGangs;379K ;english
@Ranajigamingyt;https://www.youtube.com/@Ranajigamingyt;38,4K ;english
@oldstylegaming;https://www.youtube.com/@oldstylegaming;38,4K ;english
@AndosGaming;https://www.youtube.com/@AndosGaming;38,7K ;english
@HerGaming;https://www.youtube.com/@HerGaming;382K ;english
@IWinToLose;https://www.youtube.com/@IWinToLose;383K ;english
@eDroid-Gaming;https://www.youtube.com/@eDroid-Gaming;385K ;english
@BLACKMAMBAGAMINGPESYOUTUBER;https://www.youtube.com/@BLACKMAMBAGAMINGPESYOUTUBER;385K ;english
@GamingOffTheGrid;https://www.youtube.com/@GamingOffTheGrid;39,4K ;english
@FreshGaming;https://www.youtube.com/@FreshGaming;390K ;english
@multi_gaming;https://www.youtube.com/@multi_gaming;393K ;english
@VeryNuclearGaming;https://www.youtube.com/@VeryNuclearGaming;393K ;english
@BeastSapro;https://www.youtube.com/@BeastSapro;394K ;english
@Furtherbeyondgaming;https://www.youtube.com/@Furtherbeyondgaming;39K ;english
@Sk28Gaming;https://www.youtube.com/@Sk28Gaming;4,06M ;english
@AntaryamiGaming;https://www.youtube.com/@AntaryamiGaming;4,07M ;english
@RISHIGAMING62;https://www.youtube.com/@RISHIGAMING62;4,08M ;english
@VaynardGaming;https://www.youtube.com/@VaynardGaming;4,14M ;english
@FireEyesGaming;https://www.youtube.com/@FireEyesGaming;4,3M ;english
@TheRawKneeGames;https://www.youtube.com/@TheRawKneeGames;4,41M ;english
@RONGAMING72;https://www.youtube.com/@RONGAMING72;4,53M ;english
@YippiGaming;https://www.youtube.com/@YippiGaming;4,82M ;english
@piyushjocgaming;https://www.youtube.com/@piyushjocgaming;4,97M ;english
@RoyaltyGaming1;https://www.youtube.com/@RoyaltyGaming1;4,99M ;english
@seeshellgaming6883;https://www.youtube.com/@seeshellgaming6883;40,1K ;english
@gamingwithdeepu203;https://www.youtube.com/@gamingwithdeepu203;40,3K ;english
@GamingExploits;https://www.youtube.com/@GamingExploits;40,4K ;english
@RadhaGaming27;https://www.youtube.com/@RadhaGaming27;40,6K ;english
@SuzieGaming;https://www.youtube.com/@SuzieGaming;40,8K ;english
@ExidaGaming;https://www.youtube.com/@ExidaGaming;402K ;english
@kepogaming;https://www.youtube.com/@kepogaming;403K ;english
@CarbonFinGaming;https://www.youtube.com/@CarbonFinGaming;409K ;english
@SteamDeckGaming;https://www.youtube.com/@SteamDeckGaming;40K ;english
@KvleofficialGaming;https://www.youtube.com/@KvleofficialGaming;414K ;english
@bokoclubgaming3397;https://www.youtube.com/@bokoclubgaming3397;42,1K ;english
@square-table-gaming;https://www.youtube.com/@square-table-gaming;42,2K ;english
@redbullgaming;https://www.youtube.com/@redbullgaming;423K ;english
@kokorixgaming;https://www.youtube.com/@kokorixgaming;425K ;english
@tuyetgaming;https://www.youtube.com/@tuyetgaming;427K ;english
@Heyriri__;https://www.youtube.com/@Heyriri__;432K ;english
@TempeGaming;https://www.youtube.com/@TempeGaming;433K ;english
@PredatorGaming;https://www.youtube.com/@PredatorGaming;43K ;english
@DCXGaming;https://www.youtube.com/@DCXGaming;44,9K ;english
@GregRenkoGaming;https://www.youtube.com/@GregRenkoGaming;443K ;english
@SemenixGaming;https://www.youtube.com/@SemenixGaming;445K ;english
@BREGAMING01;https://www.youtube.com/@BREGAMING01;446K ;english
@kANGaming;https://www.youtube.com/@kANGaming;447K ;english
@AllSourceGaming;https://www.youtube.com/@AllSourceGaming;44K ;english
@ColdBrewGaming;https://www.youtube.com/@ColdBrewGaming;45,2K ;english
@zWORMzGaming;https://www.youtube.com/@zWORMzGaming;451K ;english
@CoreAGaming;https://www.youtube.com/@CoreAGaming;454K ;english
@Preachgaming;https://www.youtube.com/@Preachgaming;454K ;english
@FalseSwipeGaming;https://www.youtube.com/@FalseSwipeGaming;456K ;english
@RupendraGaming;https://www.youtube.com/@RupendraGaming;458K ;english
@SurdiGaming;https://www.youtube.com/@SurdiGaming;46,3K ;english
@JoshGamingGarden;https://www.youtube.com/@JoshGamingGarden;47,2K ;english
@TheBanglaGamer;https://www.youtube.com/@TheBanglaGamer;472K ;english
@LittleBuddiesGaming;https://www.youtube.com/@LittleBuddiesGaming;473K ;english
@RBPANTHER1;https://www.youtube.com/@RBPANTHER1;49,4K ;english
@LIONxGAMINGop;https://www.youtube.com/@LIONxGAMINGop;493K ;english
@RakaZoneGaming;https://www.youtube.com/@RakaZoneGaming;493K ;english
@Sparklebunny;https://www.youtube.com/@Sparklebunny;495K ;english
@potpot;https://www.youtube.com/@potpot;496K ;english
@tagarugaming;https://www.youtube.com/@tagarugaming;497K ;english
@FrostbiteGaming;https://www.youtube.com/@FrostbiteGaming;5,21M ;english
@UP16ISLIVE;https://www.youtube.com/@UP16ISLIVE;5,35K ;english
@sksabir-gaming;https://www.youtube.com/@sksabir-gaming;5,37M ;english
@Mirror.Gaming;https://www.youtube.com/@Mirror.Gaming;5,57K ;english
@mrbeastgamingespanol;https://www.youtube.com/@mrbeastgamingespanol;5,59M ;english
@RockstarGaming_Official;https://www.youtube.com/@RockstarGaming_Official;5,64M ;english
@WolftimeGaming;https://www.youtube.com/@WolftimeGaming;5,68K ;english
@RedheadGaming;https://www.youtube.com/@RedheadGaming;50,5K ;english
@GamingBroductions;https://www.youtube.com/@GamingBroductions;50,6K ;english
@JacobGaming_;https://www.youtube.com/@JacobGaming_;500K ;english
@VebvGaming;https://www.youtube.com/@VebvGaming;500K ;english
@perfectgamingmachan;https://www.youtube.com/@perfectgamingmachan;505K ;english
@BKCGgamingYT;https://www.youtube.com/@BKCGgamingYT;507K ;english
@CeaveGaming;https://www.youtube.com/@CeaveGaming;509K ;english
@petermcgaming;https://www.youtube.com/@petermcgaming;518K ;english
@WiseGamingYT;https://www.youtube.com/@WiseGamingYT;518K ;english
@LabQiGaming;https://www.youtube.com/@LabQiGaming;519K ;english
@anittagaming;https://www.youtube.com/@anittagaming;52,1K ;english
@KayGaming;https://www.youtube.com/@KayGaming;52,9K ;english
@SnakeEyeGaming;https://www.youtube.com/@SnakeEyeGaming;524K ;english
@GamingWithK;https://www.youtube.com/@GamingWithK;524K ;english
@ZGODGAMING;https://www.youtube.com/@ZGODGAMING;529K ;english
@ghatakgaming9127;https://www.youtube.com/@ghatakgaming9127;529K ;english
@Z1Gaming;https://www.youtube.com/@Z1Gaming;529K ;english
@QuarbitGaming;https://www.youtube.com/@QuarbitGaming;53,2K ;english
@karpogaming;https://www.youtube.com/@karpogaming;53,5K ;english
@GAMINGBENCH;https://www.youtube.com/@GAMINGBENCH;53,8K ;english
@GoodGamingFriends;https://www.youtube.com/@GoodGamingFriends;532K ;english
@amaan-tgaming;https://www.youtube.com/@amaan-tgaming;533K ;english
@CoolFireGaming;https://www.youtube.com/@CoolFireGaming;533K ;english
@daxuagaming3672;https://www.youtube.com/@daxuagaming3672;535K ;english
@TribeGaming;https://www.youtube.com/@TribeGaming;538K ;english
@RajuGaming_69;https://www.youtube.com/@RajuGaming_69;54,2K ;english
@NOOBFamilyGaming;https://www.youtube.com/@NOOBFamilyGaming;54,3K ;english
@Superraregaming;https://www.youtube.com/@Superraregaming;541K ;english
@TeluguDostGaming;https://www.youtube.com/@TeluguDostGaming;543K ;english
@ApidGaming;https://www.youtube.com/@ApidGaming;547K ;english
@MittGaming;https://www.youtube.com/@MittGaming;54K ;english
@RetroGamingGuy;https://www.youtube.com/@RetroGamingGuy;55,5K ;english
@SleevelessGaming;https://www.youtube.com/@SleevelessGaming;55,7K ;english
@longbrowgaming2772;https://www.youtube.com/@longbrowgaming2772;55,9K ;english
@bangboygamingYT;https://www.youtube.com/@bangboygamingYT;553K ;english
@TheCodeGaming;https://www.youtube.com/@TheCodeGaming;56,3K ;english
@BuhokGaming;https://www.youtube.com/@BuhokGaming;56,4K ;english
@ScarecrowGamingFF;https://www.youtube.com/@ScarecrowGamingFF;560K ;english
@KTGGaming;https://www.youtube.com/@KTGGaming;563K ;english
@MaddenCompetitiveGaming;https://www.youtube.com/@MaddenCompetitiveGaming;57,2K ;english
@BeastModeGaming;https://www.youtube.com/@BeastModeGaming;57,3K ;english
@dantegaming3166;https://www.youtube.com/@dantegaming3166;57,4K ;english
@SHIVGAMING;https://www.youtube.com/@SHIVGAMING;573K ;english
@NatashaGaming;https://www.youtube.com/@NatashaGaming;576K ;english
@PrashGaming;https://www.youtube.com/@PrashGaming;576K ;english
@ScalespeederGaming;https://www.youtube.com/@ScalespeederGaming;57K ;english
@GoodOldDaysGaming;https://www.youtube.com/@GoodOldDaysGaming;58,9K ;english
@SFGGamiing;https://www.youtube.com/@SFGGamiing;582K ;english
@lukedavidsongaming;https://www.youtube.com/@lukedavidsongaming;592K ;english
@NaveyaGaming;https://www.youtube.com/@NaveyaGaming;6,02K ;english
@barefootgaming6265;https://www.youtube.com/@barefootgaming6265;6,06K ;english
@pReviewdGaming;https://www.youtube.com/@pReviewdGaming;6,45K ;english
@FliksTabletopGaming;https://www.youtube.com/@FliksTabletopGaming;6,63K ;english
@24EGaming;https://www.youtube.com/@24EGaming;6,85K ;english
@HappyPrinceGaming;https://www.youtube.com/@HappyPrinceGaming;6,93M ;english
@BellaFoxGaming;https://www.youtube.com/@BellaFoxGaming;60,7K ;english
@timesausages;https://www.youtube.com/@timesausages;60,9K ;english
@JannerBros;https://www.youtube.com/@JannerBros;602K ;english
@GAMING4LIFE247;https://www.youtube.com/@GAMING4LIFE247;61,1K ;english
@MyGamingExperience;https://www.youtube.com/@MyGamingExperience;61,4K ;english
@FryEmUpGaming;https://www.youtube.com/@FryEmUpGaming;61,8K ;english
@TheGamingBrigadeUS;https://www.youtube.com/@TheGamingBrigadeUS;62,6K ;english
@DraKulisCinematicGaming;https://www.youtube.com/@DraKulisCinematicGaming;625K ;english
@RanitsGaming;https://www.youtube.com/@RanitsGaming;625K ;english
@GamingCuriosOverwatch;https://www.youtube.com/@GamingCuriosOverwatch;627K ;english
@PCSupportGamingTest;https://www.youtube.com/@PCSupportGamingTest;64,2K ;english
@GamingFreak21;https://www.youtube.com/@GamingFreak21;643K ;english
@SumoGaming;https://www.youtube.com/@SumoGaming;644K ;english
@QueenLiveGaming;https://www.youtube.com/@QueenLiveGaming;644K ;english
@RoplexGaming;https://www.youtube.com/@RoplexGaming;647K ;english
@paijogaming;https://www.youtube.com/@paijogaming;64K ;english
@rarebit;https://www.youtube.com/@rarebit;650K ;english
@vasanthtamilgamer;https://www.youtube.com/@vasanthtamilgamer;652K ;english
@jengaming4323;https://www.youtube.com/@jengaming4323;655K ;english
@PacersGaming;https://www.youtube.com/@PacersGaming;66,4K ;english
@SPHGaming;https://www.youtube.com/@SPHGaming;661K ;english
@Senpai;https://www.youtube.com/@Senpai;674K ;english
@RGGamerLive;https://www.youtube.com/@RGGamerLive;674K ;english
@CasualMobileGaming;https://www.youtube.com/@CasualMobileGaming;68,4K ;english
@HoreyesGamingHoreyesGaming;https://www.youtube.com/@HoreyesGamingHoreyesGaming;682K ;english
@Top10GamingChannel;https://www.youtube.com/@Top10GamingChannel;687K ;english
@SupaGaming;https://www.youtube.com/@SupaGaming;69,5K ;english
@HulksdenGaming;https://www.youtube.com/@HulksdenGaming;69,7K ;english
@Pyrerealmgaming;https://www.youtube.com/@Pyrerealmgaming;694K ;english
@Gaming_DuliYa;https://www.youtube.com/@Gaming_DuliYa;7,36K ;english
@jokamgaming;https://www.youtube.com/@jokamgaming;700K ;english
@TopGamingPlaysYT;https://www.youtube.com/@TopGamingPlaysYT;71,6K ;english
@KaniGamingg;https://www.youtube.com/@KaniGamingg;713K ;english
@thestarsquadgaming;https://www.youtube.com/@thestarsquadgaming;716K ;english
@gaminginvestigators;https://www.youtube.com/@gaminginvestigators;71K ;english
@xynodegaming;https://www.youtube.com/@xynodegaming;72,4K ;english
@TFSGaming;https://www.youtube.com/@TFSGaming;732K ;english
@JustmaikoGaming;https://www.youtube.com/@JustmaikoGaming;737K ;english
@asifgaming8155;https://www.youtube.com/@asifgaming8155;738K ;english
@pisyanggaming9853;https://www.youtube.com/@pisyanggaming9853;747K ;english
@RazzGaming;https://www.youtube.com/@RazzGaming;750K ;english
@WowSuchGaming;https://www.youtube.com/@WowSuchGaming;770K ;english
@24HRGaming;https://www.youtube.com/@24HRGaming;779K ;english
@GWBShow;https://www.youtube.com/@GWBShow;79,3K ;english
@SuperCarlinGaming;https://www.youtube.com/@SuperCarlinGaming;79,3K ;english
@selenagaming1;https://www.youtube.com/@selenagaming1;795K ;english
@OKEHGamingTV;https://www.youtube.com/@OKEHGamingTV;7M ;english
@Parsalipgaming;https://www.youtube.com/@Parsalipgaming;8,02K ;english
@OuraGaming;https://www.youtube.com/@OuraGaming;8,12M ;english
@Launcher;https://www.youtube.com/@Launcher;8,13K ;english
@ChronikSpartan;https://www.youtube.com/@ChronikSpartan;8,16K ;english
@GamingPlaylistOfficial;https://www.youtube.com/@GamingPlaylistOfficial;8,17K ;english
@KaarinGaming;https://www.youtube.com/@KaarinGaming;8,29K ;english
@intuitionergaming;https://www.youtube.com/@intuitionergaming;8,64K ;english
@Tyaedros;https://www.youtube.com/@Tyaedros;80,5K ;english
@AngryBirdsGaming;https://www.youtube.com/@AngryBirdsGaming;82,4K ;english
@aburobgaming;https://www.youtube.com/@aburobgaming;823K ;english
@tyro_gaming;https://www.youtube.com/@tyro_gaming;827K ;english
@Microboys;https://www.youtube.com/@Microboys;848K ;english
@lxplaysgaming;https://www.youtube.com/@lxplaysgaming;85,7K ;english
@JkTechG;https://www.youtube.com/@JkTechG;850K ;english
@BBGAMINGPRO;https://www.youtube.com/@BBGAMINGPRO;858K ;english
@WanQiuGaming;https://www.youtube.com/@WanQiuGaming;870K ;english
@gamingsandeep;https://www.youtube.com/@gamingsandeep;885K ;english
@WhymeGAMINGid;https://www.youtube.com/@WhymeGAMINGid;89,6K ;english
@SlasherGaming.;https://www.youtube.com/@SlasherGaming.;891K ;english
@BarryGaming;https://www.youtube.com/@BarryGaming;89K ;english
@BCC;https://www.youtube.com/@BCC;9,74M ;english
@dudesirgamingfmb;https://www.youtube.com/@dudesirgamingfmb;9,7K ;english
@abrelogaming;https://www.youtube.com/@abrelogaming;9,89K ;english
@ErelicGaming;https://www.youtube.com/@ErelicGaming;9,95K ;english
@DynamoGaming;https://www.youtube.com/@DynamoGaming;9,96M ;english
@TxSPRAYGOD;https://www.youtube.com/@TxSPRAYGOD;90,4K ;english
@LeikaGaming;https://www.youtube.com/@LeikaGaming;901K ;english
@IamBoltGaming;https://www.youtube.com/@IamBoltGaming;906K ;english
@4x4gaming;https://www.youtube.com/@4x4gaming;917K ;english
@TEBGamingOfficial;https://www.youtube.com/@TEBGamingOfficial;918K ;english
@NowGamingTime;https://www.youtube.com/@NowGamingTime;92,5K ;english
@TheBossGaming;https://www.youtube.com/@TheBossGaming;92,7K ;english
@LEGOGaming;https://www.youtube.com/@LEGOGaming;92,8K ;english
@AsheruGaming;https://www.youtube.com/@AsheruGaming;921K ;english
@BlackClueGaming;https://www.youtube.com/@BlackClueGaming;929K ;english
@gaming;https://www.youtube.com/@gaming;93,7M ;english
@FireKitGaming;https://www.youtube.com/@FireKitGaming;930K ;english
@JazqiGaming;https://www.youtube.com/@JazqiGaming;936K ;english
@ingeniousclown;https://www.youtube.com/@ingeniousclown;94,9K ;english
@SuburGaming;https://www.youtube.com/@SuburGaming;952K ;english
@gameplay-androidiosgamingc8895;https://www.youtube.com/@gameplay-androidiosgamingc8895;957K ;english
@GamingAura;https://www.youtube.com/@GamingAura;958K ;english
@DeadwaterGaming;https://www.youtube.com/@DeadwaterGaming;96,8K ;english
@Saftaz;https://www.youtube.com/@Saftaz;96,9K ;english
@RagingRaccoonGaming;https://www.youtube.com/@RagingRaccoonGaming;96K ;english
@AmazonPrimeGaming;https://www.youtube.com/@AmazonPrimeGaming;97,2K ;english
@ZamfamGaming;https://www.youtube.com/@ZamfamGaming;979K ;english
@w47k3rg4m1ng;https://www.youtube.com/@w47k3rg4m1ng;98,1K ;english
@Alexagaming1446;https://www.youtube.com/@Alexagaming1446;98,1K ;english
@ghostgaming3118;https://www.youtube.com/@ghostgaming3118;992K ;english
@HawkesGaming;https://www.youtube.com/@HawkesGaming;99K ;english
